tumbol_ID,poverty_rate_living
110110,0.12474040780229412
110111,0.12975378721702446
110152,0.12975378721702446
110153,0.12975378721702446
110154,0.12975378721702446
110203,0.10842049172770923
110207,0.11898516288352834
110208,0.1216781018618423
110251,0.1216781018618423
110301,0.12857341956458218
110302,0.12376961148001459
110351,0.12376961148001459
110408,0.142566541638264
110410,0.14036386548918084
110413,0.13376853194249183
110451,0.13376853194249183
110551,0.13376853194249183
110552,0.13376853194249183
110602,0.12819552758868674
110603,0.13251187656740177
120106,0.1373031854743152
120151,0.1373031854743152
120204,0.1362923093085262
120206,0.14270596917913658
120207,0.13880805632167847
120303,0.13687394184235008
120306,0.13594108113297648
120405,0.12134035359561623
120407,0.13521819112405625
120451,0.13521819112405625
120501,0.14359769190394456
120506,0.1440589108434019
120507,0.14718086231590033
120608,0.14022925070743747
120609,0.14198560759208545
120611,0.13053226116048244
130105,0.1397744621379513
130106,0.13918324614533867
130112,0.1309024819932177
130151,0.1309024819932177
130152,0.1309024819932177
130153,0.1309024819932177
130204,0.13389462784166822
130206,0.1372035898340958
130252,0.1372035898340958
130351,0.1372035898340958
130353,0.1372035898340958
130401,0.1291262810123046
130403,0.14942470382988265
130451,0.14942470382988265
130502,0.14173804579634186
130504,0.13135182569661213
130506,0.15315009768216759
130605,0.13418240167988088
130607,0.12844264843965947
130608,0.11564326174415002
130651,0.11564326174415002
130704,0.14273247619012958
130705,0.12924457954543273
130708,0.12800349855506193
130710,0.1257225860022142
130711,0.12929268991318832
140109,0.13363477504616045
140111,0.13822286979711063
140114,0.12473842081107422
140115,0.14046430432173623
140117,0.14375306778753572
140119,0.15303335517680822
140121,0.15365737948590585
140204,0.12055611081824774
140210,0.11689024047383634
140251,0.11689024047383634
140252,0.11689024047383634
140308,0.15075265910927943
140309,0.13455427109447388
140310,0.11670195975993308
140311,0.15129106767684286
140351,0.15129106767684286
140402,0.15030221272393207
140403,0.12537607977741783
140404,0.13640645336852436
140407,0.15981481769237044
140411,0.16089364314606763
140417,0.12599884616867907
140419,0.12365182927312396
140421,0.12365182927312396
140503,0.1534203572735106
140506,0.15048255674111227
140507,0.15349148120314177
140508,0.15272722252994436
140509,0.15415314425728804
140512,0.16316145231593054
140604,0.1426960556835083
140605,0.12993683248467242
140606,0.12551191310459536
140608,0.1350509382936254
140611,0.13146343846748293
140613,0.13713077876211222
140615,0.1510599177167236
140702,0.10655574472672957
140703,0.11328189334733119
140704,0.1301551428555856
140707,0.14027928397048933
140708,0.1126402325354805
140715,0.12505813029947999
140751,0.12505813029947999
140803,0.12700077769752482
140807,0.1699930448997264
140810,0.16844567300505192
140814,0.1391403328086223
140815,0.13996342205222928
140816,0.13129968072105114
140906,0.14256586198934612
140907,0.13513186858949572
140908,0.14093327458251453
141002,0.1406181372507222
141003,0.13732067716149893
141004,0.162236818090426
141103,0.1271857526671079
141106,0.12758459654565757
141108,0.10551077487271482
141151,0.10551077487271482
141206,0.14940941814082387
141207,0.19800452487817372
141208,0.15256089184181237
141209,0.16276161734289807
141215,0.17163170294928526
141216,0.17006905098248526
141302,0.18561762165689705
141303,0.180526287815171
141304,0.17912577455765516
141401,0.13668427090586704
141402,0.13465724106814075
141407,0.14279175096821978
141410,0.13756350194217803
141451,0.13756350194217803
141501,0.15240682957769586
141502,0.15942047577691848
141506,0.16843850524033877
141507,0.1617398688052224
141509,0.15242259094472282
141603,0.15518353144723002
141651,0.15518353144723002
150108,0.14569611969411422
150111,0.1271432591687388
150113,0.13787957330420048
150114,0.13733853505437005
150151,0.13733853505437005
150205,0.11735640561652122
150206,0.12201866038975984
150207,0.10993908228423677
150209,0.11952844286523195
150303,0.13008354312543985
150305,0.11636150772469028
150308,0.11804090736520567
150402,0.13084333579270097
150403,0.12614406219079288
150405,0.13540552088415353
150407,0.11645944203107095
150411,0.12262601611102542
150412,0.13366859156281952
150414,0.13581242705863306
150505,0.1936861181741411
150506,0.17363596049348667
150507,0.1524257836835971
150604,0.12776844499135742
150608,0.10673691451550782
150611,0.12191464882535497
150612,0.1060281850334655
150615,0.12286499409833485
150651,0.12286499409833485
150652,0.12286499409833485
150701,0.10797524797681063
150704,0.11999409974727798
160104,0.16701767051253652
160110,0.15632177595121055
160112,0.1512181763868113
160114,0.16082975227823404
160116,0.14618096979034134
160117,0.15303011989222215
160121,0.1661359925260391
160123,0.11796284221464481
160203,0.2259520005949349
160205,0.20809157923609145
160207,0.17913272776669165
160209,0.2188476596528614
160302,0.27865629904981876
160303,0.23934155147368197
160309,0.25645402606266676
160310,0.27850225628267694
160318,0.21843061629617416
160322,0.27136944483804293
160402,0.22455078978335277
160405,0.20440405268378237
160408,0.21074236745644873
160411,0.3034628639983913
160412,0.25054910120284457
160417,0.2518797261128068
160418,0.20223641872320433
160503,0.13283378245711774
160505,0.1362310019607611
160507,0.13568279622158358
160508,0.10839023047311241
160510,0.10839023047311241
160602,0.1921172045299942
160603,0.1816294390430151
160610,0.22097326421967176
160611,0.1707690818889558
160613,0.1515316965293928
160615,0.2818816876645523
160617,0.1987568256715621
160621,0.22705992289746502
160701,0.2118892734044482
160703,0.26529970738086156
160751,0.26529970738086156
160801,0.2934278624757145
160805,0.26837521935901887
160902,0.1863945916117516
160903,0.19187954869936152
161003,0.2827178750669022
161004,0.24201758172991047
161101,0.29276674486188126
161103,0.21247345067162626
161106,0.2947645276885912
170102,0.14474875657605452
170104,0.13733837686705552
170108,0.15224040413406742
170204,0.15962009875424304
170205,0.14272697938281187
170207,0.16574167545103624
170302,0.1811345861698178
170303,0.1458803550052682
170403,0.10863795930484393
170405,0.12394056197477882
170407,0.1290996076535521
170502,0.1559447771046491
170504,0.13071301759867743
170601,0.13979619856281245
170606,0.15384988458924226
170609,0.16277780606683662
170610,0.15243136057269935
180102,0.1520367224809795
180107,0.15179772348442394
180109,0.14002258144669255
180151,0.14002258144669255
180203,0.12248419643709169
180206,0.13618611449415696
180207,0.14906664654693325
180304,0.16594351781912442
180311,0.1775003462060913
180351,0.1775003462060913
180401,0.1460946958795039
180403,0.15666605984631515
180404,0.14814732214922716
180405,0.14241202049156548
180501,0.1117032040721172
180506,0.09416293017779759
180508,0.13770354733275553
180551,0.13770354733275553
180605,0.15457863297643537
180608,0.1076509351871196
180609,0.125168789183924
180611,0.11169118601140804
180701,0.219106707130713
180702,0.1681219371403343
180803,0.2347320061531679
190109,0.1393502339695949
190112,0.14719201567617735
190114,0.13221069856689782
190151,0.13221069856689782
190204,0.1707153102295791
190205,0.17644125032424057
190207,0.10883391815514237
190209,0.12915761490387745
190210,0.19742086557534888
190213,0.1852369997961984
190302,0.16098322041081015
190304,0.13521583083622735
190305,0.14363701834363685
190307,0.14196297181877687
190314,0.17459082763731187
190317,0.145079386453127
190318,0.15597672416381014
190401,0.1780250413483852
190402,0.14554665726469984
190501,0.12129686468791212
190502,0.11895516638901593
190505,0.1272021105392412
190507,0.1347015829194469
190601,0.12288667323431846
190603,0.12372477987329011
190606,0.1253816262878243
190607,0.13007689353557678
190701,0.15148885629666708
190703,0.1502461320631701
190802,0.13847287891527083
190803,0.16286317520104077
190904,0.15764673122287237
190905,0.18015372138113211
190908,0.1646199423020996
191003,0.11854469839504816
191005,0.12735343504386354
191006,0.1134049317389515
191009,0.1291894311161591
191011,0.1324345013996488
191102,0.24822080335894636
191104,0.2054755129279182
191203,0.13898784883157228
191302,0.13321060813185404
191304,0.15428485273770648
200106,0.13320245262543057
200110,0.12184281668397617
200113,0.14627534509073742
200115,0.1421818890564997
200116,0.14428870104100983
200117,0.1585179784476879
200152,0.1585179784476879
200153,0.1585179784476879
200201,0.09287078200406879
200207,0.1330716542775892
200208,0.11774433689509628
200252,0.11774433689509628
200301,0.1160191472229285
200305,0.1283116416511259
200403,0.16266719418743186
200405,0.13802341548667885
200451,0.13802341548667885
200502,0.14269701657743794
200503,0.1373134550959132
200506,0.12305502761468085
200507,0.12875942348319075
200510,0.14022169251929079
200605,0.143957652640614
200607,0.11343731404196594
200608,0.14243186089734772
200617,0.14173240721732194
200620,0.13711177910913142
200621,0.15207037643909144
200651,0.15207037643909144
200706,0.14968540323185253
200708,0.11715373345233748
200751,0.11715373345233748
200902,0.15058677960297773
200905,0.16132471427931966
200956,0.16132471427931966
201001,0.18023359544216355
201003,0.1200666101753674
201005,0.2314663987144768
201102,0.1325085458845699
201152,0.1325085458845699
210102,0.12261658708418693
210105,0.17797823808895136
210109,0.0893225077169641
210111,0.10383156029554308
210151,0.10383156029554308
210152,0.10383156029554308
210201,0.14791154511974808
210202,0.17962378402775403
210305,0.16146417681766323
210308,0.24826609603588037
210310,0.2793427551166705
210311,0.2411671733623419
210317,0.19988177950957164
210351,0.19988177950957164
210403,0.18064114101171036
210451,0.18064114101171036
210502,0.11523624547707984
210503,0.13692677260025543
210505,0.17131565469469678
210604,0.11308507390632089
210606,0.14370461044425126
210652,0.14370461044425126
210703,0.23884198547052998
210704,0.2700521579819036
210802,0.0956178403076659
210804,0.10483221895507455
220103,0.17771500276416086
220106,0.15963953647272133
220107,0.16923293743067214
220151,0.16923293743067214
220204,0.17127575238139747
220205,0.1393114704852143
220207,0.13263821640033602
220212,0.27001892520549714
220251,0.27001892520549714
220309,0.25197721526158257
220311,0.17139694860757287
220312,0.1413659471810203
220314,0.16961247578667232
220351,0.16961247578667232
220353,0.16961247578667232
220401,0.2811055854457807
220404,0.35212154253078004
220506,0.24141193883544587
220508,0.20021228360482807
220601,0.15999784161216662
220605,0.16484135821023016
220606,0.17031433162372472
220704,0.294047025939719
220751,0.294047025939719
220801,0.3073694777340768
220802,0.33161729712073174
220903,0.19291752221212444
220904,0.15960165333459525
220951,0.15960165333459525
221001,0.2095906916878886
221004,0.2392596187692105
230103,0.10751330385671937
230104,0.10072169102912071
230105,0.11343308925766327
230108,0.18449351373685197
230112,0.1282304869219289
230114,0.15012604975139054
230202,0.26563552248867733
230203,0.3499751526659046
230307,0.18233184635437527
230308,0.1926839790403047
230351,0.1926839790403047
230352,0.1926839790403047
230402,0.2182491650022545
230403,0.23025941296288258
230501,0.11947815586254684
230507,0.1478463143391785
230602,0.30615224848549677
230702,0.1636257206454914
240104,0.12816651068543883
240105,0.12230659957744511
240111,0.130177300106457
240116,0.1295916982542462
240117,0.1414141058715621
240118,0.1641514704163552
240119,0.1402595932671356
240151,0.1402595932671356
240208,0.13983383221016826
240211,0.1423507383257377
240212,0.11523579250872168
240213,0.13266843647730636
240304,0.141817443590241
240305,0.1618522142428458
240306,0.1430550562003074
240309,0.15289993254342332
240352,0.15289993254342332
240354,0.15289993254342332
240402,0.11461862016498148
240403,0.10021508926524092
240407,0.1469368468795239
240408,0.12686895366750162
240410,0.12745408737791658
240502,0.12114245957047659
240504,0.13969730371718608
240505,0.14014465686293748
240510,0.12064143390084758
240513,0.1175570593810108
240517,0.11203533388344095
240552,0.11203533388344095
240601,0.1513001647672101
240603,0.16739998307842863
240605,0.17967785994817725
240608,0.1426664316887526
240703,0.15652912299634597
240805,0.24751776948994755
240851,0.24751776948994755
240901,0.10912053678042666
240902,0.14541685335020643
240952,0.14541685335020643
241001,0.28174932814204884
241101,0.14982015602452375
241105,0.15768918640357016
250103,0.18097867576258286
250104,0.17641371849081255
250105,0.1614692231989348
250110,0.1614692231989348
250113,0.14682163586942304
250205,0.1791313797800853
250207,0.13675175994248345
250210,0.17095479757393467
250212,0.15576470238621742
250214,0.2906458934937397
250252,0.2906458934937397
250253,0.2906458934937397
250303,0.15897978882660163
250306,0.23264942313966322
250602,0.15732516241032934
250603,0.1423489231363641
250604,0.13529894931413583
250608,0.16683493308749248
250703,0.1402015535386828
250704,0.09998982523082217
250706,0.11741234694864738
250751,0.11741234694864738
250805,0.12162325967009285
250806,0.14644850617842803
250810,0.11395304632359016
250851,0.11395304632359016
250902,0.15360210231217625
250903,0.1448811460082599
260102,0.19617302241178325
260104,0.17879675687191993
260111,0.20869667145942197
260112,0.2000858941200347
260113,0.20082314602080892
260152,0.20082314602080892
260201,0.15306795780546345
260202,0.1664427794172456
260207,0.18498024441872202
260301,0.15606335920865666
260302,0.18602128397616374
260308,0.14523863589058078
260310,0.19318145166320494
260401,0.16301140380018864
260408,0.19789273523335588
260409,0.21744200492658408
260410,0.11409927308085671
260451,0.11409927308085671
270101,0.2294270099091674
270111,0.2062613311966905
270151,0.2062613311966905
270153,0.2062613311966905
270202,0.29672538613129973
270204,0.28235108904799666
270205,0.2866116476611772
270307,0.23535958880694258
270309,0.3175960081743224
270401,0.33935041305674574
270405,0.3055380255977603
270502,0.1880096834360131
270504,0.14911259897924267
270505,0.17058113379668427
270506,0.28666908433682314
270604,0.22637041097807448
270606,0.2373646480603274
270607,0.24632096368205483
270609,0.2093799842846495
270651,0.2093799842846495
270702,0.2835760768735701
270751,0.2835760768735701
270802,0.2719524840195746
270804,0.3042463058638921
270902,0.42365162780866683
300104,0.1437700907683488
300105,0.13272476486313506
300108,0.12650518800778598
300110,0.13523928815640152
300112,0.11525336003928749
300116,0.11617273841870673
300121,0.1520169933849566
300122,0.12718677416195578
300153,0.12718677416195578
300157,0.12718677416195578
300202,0.2518015595227112
300203,0.21800378259553188
300206,0.2736564266883852
300211,0.27643213951266354
300212,0.25810264270943134
300251,0.25810264270943134
300301,0.23446795940618365
300305,0.24017954129723101
300403,0.3060036171027938
300407,0.2955342763646535
300408,0.35788239082634904
300410,0.32939691646782976
300451,0.32939691646782976
300503,0.3167411398629746
300504,0.2534667502421609
300603,0.16474936244635474
300605,0.20567927277097994
300610,0.15951941740988346
300651,0.15951941740988346
300702,0.13850156535528285
300703,0.1372571736708878
300707,0.16291256285078148
300710,0.14515417635943223
300751,0.14515417635943223
300801,0.22584464924599917
300803,0.22653371209588646
300804,0.20440495635646552
300812,0.2544882176329156
300813,0.19657572377483518
300815,0.25213628983880776
300817,0.2392202257626282
300901,0.22255405998541014
300902,0.1732853839262815
300906,0.20294498951577064
300951,0.20294498951577064
300952,0.20294498951577064
301005,0.22004457299396982
301007,0.26341613506867806
301009,0.3036422204416292
301010,0.16631608653668323
301013,0.2440158462125877
301014,0.18539418641735728
301052,0.18539418641735728
301103,0.3469245652564796
301104,0.2463665538757078
301106,0.34188967856396957
301151,0.34188967856396957
301201,0.3158008890158068
301203,0.31183854703609304
301204,0.3514135852443536
301220,0.29562258898780724
301307,0.23567971218963282
301308,0.21297930830645706
301314,0.24807971735148174
301315,0.22964470230506587
301317,0.20423369663375912
301403,0.17734140044554475
301404,0.18108206231113266
301405,0.2653315721626389
301412,0.22927791046293522
301418,0.21330365878142798
301419,0.17375276092984715
301504,0.2599799266622225
301505,0.2257558310941576
301508,0.18255227233183452
301509,0.23743063581209323
301510,0.21991773114041302
301602,0.25784594508230774
301605,0.22997872998480404
301607,0.21599705472835234
301608,0.22639153108331855
301610,0.2606794243197496
301701,0.23576104442728169
301702,0.253526458173844
301714,0.20956849074112108
301716,0.25927308728401166
301801,0.13348332954884223
301805,0.1837146853884074
301806,0.1584398400800266
301809,0.15772312433692648
301811,0.15772312433692648
301901,0.1491733617004497
301904,0.1760851283318418
302001,0.1786444267158372
302003,0.21343401450557514
302006,0.17720839278026318
302008,0.17628767970041387
302011,0.2416553662145834
302051,0.2416553662145834
302103,0.15837709900023028
302104,0.2551965623851663
302105,0.2059414694834459
302110,0.1582576629267512
302111,0.19552724876951993
302112,0.22455230122112577
302204,0.15473577295401164
302206,0.26146030156687067
302208,0.19931952046410278
302209,0.20067600359665033
302301,0.26919469285016484
302304,0.3198339179378922
302402,0.3019804626952411
302403,0.2747462644807755
302502,0.25312523029980016
302503,0.29851871569928207
302601,0.2553947060177097
302603,0.2627616573476991
302702,0.2088637016203093
302704,0.21706574933398004
302804,0.19982774431440853
302805,0.23885843844085233
302902,0.18989095340279954
302904,0.2254981383125874
303003,0.2757338561775621
303051,0.2757338561775621
303104,0.2797479130248038
303105,0.23854476949086104
303201,0.1445515587112241
303203,0.13086418557155022
310104,0.14153583571818545
310105,0.1657573378203414
310106,0.131638852838119
310112,0.19862926869406466
310117,0.15452135682819618
310122,0.17549884691358886
310126,0.16285005389986862
310151,0.16285005389986862
310201,0.16523817144656094
310203,0.22564154294386124
310204,0.18515451976843672
310302,0.19981140208335235
310305,0.14125266753760785
310307,0.16751657749179177
310311,0.16480548250654936
310403,0.24308513643394547
310414,0.19235220235736855
310417,0.27550269983049525
310418,0.24975646132612503
310427,0.22822441382821437
310451,0.22822441382821437
310503,0.3231121301828872
310508,0.3212516963578479
310509,0.3422034683612753
310510,0.2933634042067362
310607,0.28506982196733316
310610,0.2090549208664053
310701,0.2061936651282432
310702,0.17788935348722085
310707,0.20604193085857142
310710,0.21422463942965936
310715,0.2213834170777237
310721,0.2223259789102528
310751,0.2223259789102528
310805,0.2435160818882005
310806,0.2425802864209751
310807,0.22595369776036128
310808,0.22132192990309957
310901,0.21464820410238042
310907,0.21715389179795988
310910,0.2084004826517439
311002,0.1912645626321497
311005,0.1597664465264591
311007,0.18453664973012474
311010,0.20978442085024857
311015,0.1830378215317771
311016,0.23504953253739816
311101,0.1761386014839048
311102,0.1780490435736563
311103,0.1946126691162755
311106,0.197638932510095
311112,0.18377201004999705
311202,0.238710158118328
311205,0.2089607973413878
311303,0.25578033577956183
311304,0.22834353662685758
311403,0.2633857610457432
311405,0.27528994014885755
311407,0.29052710528624304
311501,0.20358942628120394
311504,0.17826275491919175
311601,0.1255671497026447
311605,0.13400093495067622
311607,0.1554123623820326
311703,0.2883206510231111
311704,0.2157219691490013
311802,0.2640320204726986
311803,0.21641205173734013
311901,0.22208116371344683
311902,0.21237712559615077
312001,0.20111526607348118
312101,0.15572025308478438
312102,0.14028175639894885
312202,0.17895377496706105
312203,0.1791170428288511
312302,0.18765014419990234
312305,0.18774394775580544
320103,0.19570503750677365
320111,0.11977014805521657
320112,0.147205460011113
320114,0.12945710105752373
320119,0.1877438863621268
320120,0.16894994089315307
320125,0.12045392322708465
320201,0.18769650566357193
320203,0.20953877329271522
320207,0.24060208948630193
320208,0.18881685473096727
320301,0.21635284654297127
320302,0.21956161898126883
320303,0.22307710803342942
320305,0.2218757990640669
320403,0.15433035918906535
320404,0.1834372307607609
320405,0.1715879163137658
320407,0.15589250665605803
320502,0.15987946990584784
320503,0.16374120834599953
320504,0.19395028917630253
320508,0.17879467404326504
320510,0.19275826861306594
320512,0.14902412782112884
320514,0.20702725930275032
320607,0.22313007623276637
320610,0.231936178028786
320701,0.1607558622124678
320704,0.22106037231364065
320709,0.162950975290926
320711,0.1787376663160231
320716,0.1679530128925802
320802,0.21494948339264572
320803,0.18683871527054152
320804,0.19849047853986007
320902,0.19945315685731008
320903,0.2295008159777661
320905,0.22557932452019594
320906,0.2197353122667692
320908,0.19810886256488508
320909,0.19720570463242043
321007,0.2169511334554154
321009,0.18077973277888687
321011,0.2424935315605281
321013,0.2250884457873591
321051,0.2250884457873591
321102,0.15626749351145408
321105,0.18382924251031052
321201,0.18170350763187987
321203,0.20054735803410023
321206,0.19262435681853807
321207,0.1881457231361936
321302,0.252415233711055
321306,0.2367836312933662
321403,0.20067003373884723
321404,0.2501296497141857
321501,0.2274456347227083
321505,0.20662703473344274
321604,0.1979895484866362
321605,0.15762693205013356
321701,0.18556028719729173
321703,0.21936987535029825
330103,0.16836607640270834
330105,0.163086579834815
330106,0.17554840857099246
330115,0.17554840857099246
330118,0.1653330910997154
330119,0.17223499801274322
330121,0.17285609931212714
330202,0.16954792888938686
330203,0.15732433302134446
330207,0.16498917432088278
330302,0.11591445349540147
330309,0.18752014809008744
330310,0.1966446062632486
330311,0.19829666774207344
330315,0.19563307654581208
330320,0.17363136822377095
330411,0.25629722024652135
330414,0.3022596735821278
330415,0.27731458471046894
330420,0.2603073363013232
330421,0.24834779913285196
330424,0.301144019301917
330451,0.301144019301917
330505,0.26180653814254945
330509,0.3114141810429105
330510,0.3043874478004871
330517,0.24349845179035617
330521,0.2208469044632743
330524,0.20537412767076238
330525,0.2983498374976139
330527,0.3218601574309022
330603,0.22815529246346744
330605,0.18924305804918018
330702,0.21548236133502338
330703,0.20903938262112207
330704,0.18985646392389754
330708,0.20497616123146128
330801,0.30750825841420754
330804,0.29455511623441255
330805,0.2821392812660344
330807,0.32639060715680557
330810,0.29563170153179363
330903,0.21742349344496348
330910,0.21915061013993814
330913,0.19132167081112367
330914,0.23353224804351927
330915,0.22555624445650124
331002,0.18781665497624572
331004,0.1827201644812183
331006,0.18261197040511407
331010,0.17341176894267196
331011,0.172665546434967
331016,0.16245622972211693
331017,0.18175728705694427
331024,0.19134085478035168
331102,0.2172348339696245
331202,0.16259084195053708
331206,0.16907767006384983
331304,0.20231635323073122
331305,0.23739018012364513
331401,0.2532684111044139
331403,0.26398441793559757
331407,0.2542082138470513
331502,0.20440809104860336
331505,0.2661919582894702
331605,0.22381515417845715
331606,0.19640011096412174
331607,0.19014334191348398
331701,0.3034026227916494
331703,0.2674216917875763
331707,0.31155711605596836
331803,0.2105647495790868
331901,0.23703150863162306
331903,0.24018911916284072
332003,0.18790184770078455
332005,0.18289290751012732
332104,0.17489549005332206
332105,0.2278363438031158
332203,0.20603136923580714
332204,0.2315389656642872
340104,0.17684977785020134
340107,0.14310077504339092
340116,0.14306551900454034
340119,0.17904623110832346
340151,0.17904623110832346
340202,0.30414913082087003
340203,0.3046560037181799
340204,0.30665211551270555
340207,0.3058543295387921
340301,0.35865614927386813
340304,0.3431739502098224
340401,0.19017616077395705
340407,0.15783165644426855
340409,0.2078048247845062
340411,0.26225853641879765
340412,0.23220033703008636
340417,0.24068056552870448
340418,0.202476498525526
340504,0.20109158010462114
340510,0.18133818184636402
340511,0.1503252939695346
340513,0.20850133092628914
340704,0.22660230974620243
340706,0.21806927543360782
340709,0.27265150703374796
340710,0.3544446155999914
340712,0.3015369724343516
340717,0.2317885090167392
340751,0.2317885090167392
340801,0.48327658176019617
340805,0.43467557372073756
340901,0.28581786684616406
340903,0.2999346384758693
340904,0.3892919357489745
341001,0.39155405494696033
341006,0.4528997476291317
341007,0.3926371291105788
341103,0.3259530514487712
341104,0.3133224930574985
341105,0.2527302436789763
341108,0.30825316814667647
341113,0.30757331781400665
341114,0.3061216675775149
341118,0.3200165074424116
341119,0.30661698954176575
341202,0.19606259628819767
341205,0.22354863280966641
341401,0.18971199096101904
341402,0.15609162999943443
341403,0.18490804293994761
341406,0.19061171042048897
341409,0.19115103866947103
341410,0.20460865860736707
341504,0.12508183591342115
341518,0.12161526877027606
341522,0.09071583529695448
341524,0.10940894638534532
341526,0.14605360025900083
341551,0.14605360025900083
341906,0.21021950695401825
341907,0.27551461170627645
341910,0.29651357255421085
341911,0.31732943429907257
341912,0.2041847235482814
341951,0.2041847235482814
342005,0.26332435272051546
342006,0.2877270935506106
342103,0.3679955024873151
342105,0.255450096675214
342151,0.255450096675214
342201,0.15393248706484874
342204,0.2047145250240226
342207,0.18860234563988904
342208,0.1403486419469075
342402,0.17875989710752183
342404,0.13778701250733488
342504,0.3213768705665483
342505,0.30609751499320015
342604,0.24453858637596057
342605,0.20982140761986512
342901,0.2390990861666189
342951,0.2390990861666189
343003,0.15040564068842338
343004,0.18157898131886036
343101,0.1588439235014385
343102,0.190454549248673
343201,0.16584502168096005
343204,0.19539417510233775
343302,0.2347833614474661
343303,0.22192992461922365
350105,0.1653019930488896
350106,0.18314752672228318
350110,0.18880377843684448
350113,0.1863860893910677
350116,0.14635036656544725
350117,0.16289314101410735
350118,0.14979860341579437
350204,0.24550990189979074
350205,0.16691616073400767
350301,0.14411799836591266
350302,0.1379612797839765
350306,0.12195693955157094
350307,0.22361175244655418
350402,0.16307022778197466
350403,0.16114874660257755
350405,0.18440824234881759
350411,0.1597277780388739
350412,0.12600266991264542
350503,0.1343745693150012
350504,0.15484640272868327
350602,0.15880703346323527
350603,0.2050309344553227
350608,0.21104419878606995
350610,0.23320162247005977
350701,0.2300085186534391
350702,0.24584420860998452
350802,0.215432113176192
350805,0.22297995864468323
350807,0.1757594915317819
350813,0.20550818365624074
350903,0.20683818462883322
350905,0.21623078492456918
360103,0.23784939974797026
360104,0.26470825641573825
360108,0.24634111627468963
360114,0.2714624025055994
360117,0.2616795772358428
360118,0.24566480405941732
360119,0.3165755001489735
360151,0.3165755001489735
360204,0.25822342274267296
360205,0.2600428131141399
360302,0.1919258413331923
360306,0.18615607833203485
360307,0.2042303086843434
360309,0.21362314919663028
360402,0.37593208867914196
360403,0.31574379056866353
360407,0.36762963268084803
360409,0.3559165471979287
360502,0.26027477121414244
360504,0.348599056437586
360507,0.3397297965933293
360601,0.20412238614617273
360602,0.2582128767699855
360605,0.2476781779170477
360613,0.24790782029999922
360701,0.19430067188379935
360702,0.21923309980563857
360705,0.22532349926783649
360802,0.30573788202518304
360804,0.2828843946920914
360902,0.21893490753041472
360903,0.2755222833429417
361001,0.31673040223041143
361004,0.34222107896216203
361006,0.2845044314904274
361009,0.3010420039888392
361104,0.2616899453791988
361105,0.24908272864900205
361202,0.18326053827469063
361203,0.25787947207043865
361204,0.16038117264126234
361209,0.2701712881948936
361301,0.3225646673561235
361302,0.2518872478165818
361304,0.35226834493082293
361401,0.30791522313386044
361402,0.3961911795422079
361502,0.22715560282450883
361503,0.2562129547929835
361601,0.22772265059062882
370101,0.13848153963651655
370102,0.15336033137639937
370105,0.2026390782931991
370106,0.1987569527936266
370108,0.19148095098786522
370109,0.15478515253233227
370114,0.16801561667649623
370118,0.15526431577325028
370203,0.24089576335461144
370205,0.28033879761059033
370302,0.16644980515824997
370305,0.18950108766371032
370306,0.18333203530570363
370401,0.20684084874437636
370402,0.25782312335099145
370502,0.2807105626690565
370504,0.21904369310187558
370601,0.16363851519766226
370605,0.16798723475611493
370606,0.14886474909315028
370703,0.16622458261044798
370704,0.17641135320833295
370706,0.171274708542894
380102,0.17604965603168476
380103,0.2083932474155068
380106,0.2187296853648332
380109,0.21596713802036488
380112,0.1989733142403055
380203,0.05816789781929166
380205,0.06777079783988238
380207,0.15483348042105194
380302,0.1940395703205613
380303,0.235243882153546
380306,0.20470499535242695
380403,0.11375073030331062
380404,0.13552266993871415
380406,0.1160862858120213
380408,0.10244940060460428
380501,0.22248776550202387
380505,0.20238478842071203
380602,0.15146692823502705
380604,0.14231086424824124
380702,0.17025603392946093
380704,0.18378776004482572
380802,0.2189722258072735
390103,0.25566411107048814
390104,0.27468339703654865
390107,0.2635898053098632
390111,0.23597237535772767
390114,0.3127435592816819
390115,0.2672830808169739
390201,0.229103477399053
390206,0.2429500053952111
390210,0.26381692798525747
390213,0.2659971097716644
390302,0.2590876054859981
390305,0.2317967871149988
390308,0.33022493935812836
390309,0.26404039297637316
390401,0.33854143570885115
390405,0.33882814818037016
390408,0.2949611129852646
390409,0.2960679881348909
390410,0.284420563791401
390502,0.2717521803095161
390507,0.23257551117124484
390508,0.2784838708659129
390601,0.2987388200228194
390604,0.2129405595645212
400109,0.13488317585528659
400112,0.15489492603597388
400113,0.16079786882778652
400116,0.18292705400751258
400117,0.1545446528395672
400165,0.1545446528395672
400193,0.1545446528395672
400195,0.1545446528395672
400196,0.1545446528395672
400204,0.13583938488238317
400205,0.20932032625564692
400207,0.23360930975017571
400301,0.19325406219675662
400303,0.13819516416503314
400406,0.2468041940029393
400407,0.2990794545714536
400408,0.2682958661282431
400452,0.2682958661282431
400501,0.36430507827828257
400502,0.32938108635759134
400506,0.3621213559361253
400507,0.35095773242007533
400551,0.35095773242007533
400602,0.3522838565520867
400607,0.2965097071263482
400609,0.31832467966953776
400651,0.31832467966953776
400702,0.1782527959931472
400704,0.22665487192073666
400706,0.21673060763220736
400711,0.1965957793047578
400712,0.204023797953661
400801,0.22570071587063836
400803,0.23406964663258198
400901,0.2026671765920258
400906,0.23249883881846523
400907,0.223439222063108
400910,0.2246959304804193
401002,0.17087481385265407
401009,0.23062621307972833
401016,0.16783623679963122
401017,0.16364230464257212
401101,0.20726154002252586
401104,0.19921214600121656
401201,0.26860292286493426
401206,0.24689341497466608
401210,0.23967974594733968
401212,0.2644989654465143
401213,0.2624564518953042
401304,0.22144610977473403
401305,0.2534780710093718
401403,0.22770400317349584
401404,0.22403898693153404
401505,0.239613142282069
401508,0.23316064285169308
401509,0.24166350019166416
401510,0.23279879635215106
401512,0.22356343187602865
401610,0.27825079639195327
401612,0.25279562398571337
401616,0.34793134454761215
401617,0.3486024888876725
401651,0.3486024888876725
401705,0.2670766871650182
401707,0.22383790786615604
401710,0.22093170678382687
401751,0.22093170678382687
401801,0.167610547521369
401802,0.17562194651670415
401808,0.2132784037945932
401851,0.2132784037945932
401902,0.1893951631632183
401951,0.1893951631632183
402001,0.31287585871362544
402004,0.2788858912725365
402101,0.17850519567973777
402105,0.1920997529214879
402202,0.2226668938620273
402203,0.16531527384804034
402303,0.36655751862883335
402402,0.15559616545948096
402404,0.16199999240479052
402503,0.1700210007478833
402551,0.1700210007478833
402902,0.1700210007478833
410104,0.13704390074230083
410107,0.14643597105199363
410108,0.18653518053130785
410109,0.1670683577319162
410110,0.1721278806465067
410119,0.18975786892918506
410121,0.19489530380683462
410154,0.19489530380683462
410156,0.19489530380683462
410203,0.24415632542461455
410204,0.20807863731978965
410205,0.27166130157479546
410301,0.1782531657329951
410303,0.2510186971200412
410304,0.29952273315943145
410306,0.1768133839707639
410401,0.25214195714387105
410403,0.29002859281793647
410407,0.24098815242556487
410410,0.2532818452250015
410411,0.23480477145084167
410416,0.2550305385195043
410503,0.21787645093354283
410504,0.20469996448864128
410505,0.26030304102263047
410602,0.3106819857705252
410609,0.35917675250904063
410611,0.18254308508572853
410617,0.21515103551587367
410618,0.37345880978742263
410701,0.3734957704367179
410702,0.3043436720063755
410802,0.3325042153464474
410804,0.29764352182698484
410901,0.20719612477400734
410902,0.2371273900105255
410905,0.1851082410456919
411002,0.11986919777460053
411006,0.09947809036772876
411102,0.3180110273223412
411108,0.3557841326226657
411110,0.28336307012337025
411112,0.3614716493581171
411151,0.3614716493581171
411702,0.27555405996345794
411703,0.2384840435727611
411706,0.31670301584274785
411707,0.3199349425713641
411709,0.31178472242782623
411802,0.2085268269102334
411806,0.2760796647088732
411807,0.2742979857839416
411903,0.2002199885823761
411906,0.23343006140664194
411907,0.34047398466990114
411910,0.3049277336892446
412003,0.3272808639160021
412006,0.3394058252961231
412101,0.20272449677776708
412102,0.2127498304942945
412201,0.28275853174228127
412203,0.264717566119701
412302,0.30943871738050643
412401,0.2844296500175815
412404,0.30988167872829275
412501,0.2246263641468258
420103,0.13561518104837383
420107,0.18306819997401302
420109,0.17362247013873416
420110,0.17604223629865867
420113,0.12462250865660146
420151,0.12462250865660146
420202,0.1840030704487044
420204,0.1732448228264835
420301,0.16221046248696125
420306,0.19141903939835103
420308,0.13061685682904306
420401,0.1557864633114227
420402,0.16492087371094089
420502,0.40219083249015275
420505,0.37520297533844155
420508,0.32449421110920795
420510,0.40546254608584675
420601,0.4561143385478014
420605,0.4427982605831215
420701,0.2800582742132197
420705,0.3365217510835236
420802,0.1746688021064115
420805,0.24218137452380922
420901,0.1849804527264613
420904,0.30297833628877935
420912,0.20874091611995835
420913,0.188952887479238
421001,0.16006290050286187
421007,0.1738889465435588
421105,0.239734096918796
421106,0.22960498442986957
421203,0.2306083574246514
421205,0.21406294501370493
421301,0.17196034583000686
421304,0.25855319617282824
421403,0.24152927447762612
430106,0.23526597388072498
430107,0.22535200711233516
430110,0.26070811142327227
430111,0.24896516470753072
430116,0.2554126779527315
430118,0.264054776572634
430202,0.23756465064903473
430204,0.2768116173519869
430207,0.2479214792265729
430210,0.24361418275670127
430252,0.24361418275670127
430503,0.23345103566789624
430504,0.22101839101043116
430506,0.24715048531301984
430507,0.25439582838658825
430701,0.2234065749354438
430703,0.20181430532703254
430803,0.2770551689430758
430804,0.28181648772856643
431402,0.21628028116971487
431501,0.28367066581984723
431505,0.27421120669857335
431602,0.20260291708851566
431605,0.22005005358521493
431703,0.248607972144969
440104,0.13383438793370966
440105,0.18711383371109963
440106,0.2077908826701602
440110,0.15224053598209047
440111,0.16929863302695802
440151,0.16929863302695802
440204,0.1497146137807815
440205,0.16984205529377738
440303,0.17675193210220447
440304,0.16644821792415593
440308,0.17912709083538336
440310,0.19825033056658492
440311,0.17530163617830324
440314,0.1678423857007234
440315,0.19371576461473244
440403,0.15405204135999417
440404,0.1029120360326366
440405,0.16219002447845515
440407,0.1398797590528893
440501,0.18574444881269098
440506,0.1730727082250872
440511,0.20759852070776122
440604,0.1474685790485613
440605,0.20662413639854887
440607,0.2714250909919681
440611,0.2900437992805073
440613,0.21234427650533402
440651,0.21234427650533402
440705,0.32655304073076835
440706,0.23718848521386005
440709,0.2641664995094095
440710,0.2994427750997457
440801,0.25799889213800375
440802,0.27686082460140604
440803,0.24883756987733602
440810,0.2898054768458065
440812,0.2508255535319039
440820,0.30298694153011485
440901,0.23152001623562937
440905,0.21795693825283977
440908,0.2150011722012968
440909,0.3385170094798523
440911,0.15161311105283254
440914,0.1655922711468072
441002,0.27788678200919803
441003,0.33301504924106196
441005,0.3220711925239319
441006,0.30125974895399193
441103,0.2376394715791718
441104,0.2756272271888456
441105,0.25379926466761193
441201,0.1797011554979256
441205,0.17089945964036274
441302,0.20635430028103008
441304,0.2185129806856671
450105,0.17404046508531618
450110,0.14906142773584818
450117,0.18064607892214962
450118,0.13493337954325663
450120,0.13968029342469868
450125,0.1653950958113543
450203,0.0996976869020823
450205,0.20051430392317787
450206,0.18633969777614307
450207,0.11512887637442559
450210,0.09910386918324371
450303,0.23433765783508964
450304,0.17606897352798867
450308,0.14700989343589294
450401,0.11120597397589255
450402,0.11525201908751748
450408,0.14994807595755805
450409,0.13221673515351984
450411,0.16004222055676764
450507,0.16610169558410615
450510,0.20579447327148837
450517,0.19005702901053545
450520,0.2282791482596196
450524,0.18959068604752588
450602,0.17845103254560618
450604,0.21084369866915614
450606,0.21657948453913636
450607,0.23435044557522391
450614,0.19668059764779033
450701,0.2258406795338811
450705,0.230802727889393
450707,0.2231785363279946
450711,0.20308882423770824
450712,0.20940507571587694
450714,0.22224923708400962
450801,0.2182389749232042
450802,0.21990634458294758
450805,0.22454089122433096
450808,0.2165663814105461
450906,0.20565258920956053
450907,0.24319862503827602
450908,0.2676086305086878
450909,0.24276355979544165
451002,0.21715825428714938
451003,0.23712315080589214
451004,0.21629681053867422
451005,0.237586363854753
451011,0.21560611237484495
451017,0.2483265580801933
451018,0.22927374624877728
451102,0.11693027777374704
451105,0.11768084426808673
451106,0.165509160309757
451109,0.1726284080809125
451110,0.153242104393558
451113,0.18133065497280793
451202,0.17609834491875648
451203,0.14619905817554973
451303,0.14308000958645706
451305,0.16561491884763324
451403,0.1817863325003502
451406,0.17336098193528482
451408,0.2077565607191139
451410,0.2077565607191139
451501,0.25204933806312463
451504,0.2303723371193748
451602,0.16221007139578314
451607,0.16058006552431542
451608,0.18204622654385527
451701,0.1827212677175769
451702,0.13416569857279953
451705,0.14292815224740896
451804,0.18096605017033007
451805,0.1514007234148223
451901,0.23836408033223166
451904,0.20780056804708133
452001,0.22622295337516551
452002,0.23605013082260293
460102,0.18136443823484194
460104,0.20560514423008056
460107,0.19519733888735458
460115,0.19927868139535143
460117,0.19207728405959523
460120,0.16433590844103968
460121,0.20204273284032967
460202,0.11459145090060185
460203,0.1548824125012096
460304,0.21271064735539819
460305,0.1716187862677438
460308,0.1591889066785273
460311,0.21809099005976795
460403,0.222443665695646
460501,0.24142251096335013
460505,0.2454445059154139
460508,0.20792578971615283
460511,0.23204549310518285
460512,0.2124292412823461
460602,0.2988464717249609
460606,0.2921288337284755
460704,0.17612558437178127
460705,0.19436009516654534
460706,0.23915166433672563
460707,0.21789871254818702
460711,0.21101751483890518
460712,0.19481206982826066
460805,0.16763437847765533
460806,0.2192242531927095
460808,0.19235734576812907
460809,0.20445446486598262
460901,0.20445446486598262
460906,0.10493367631773726
460907,0.13774371672068847
461006,0.09437259005942966
461009,0.09556032362210831
461102,0.20178370053857142
461105,0.16384639474251056
461201,0.19706381823843622
461203,0.20861977650732222
461205,0.16725122192448671
461208,0.18404272142063188
461301,0.11030313356196392
461304,0.16956438569505033
461306,0.22651947945890447
461402,0.23114879709269942
461404,0.21812321542236324
461501,0.10043443695530607
461502,0.09260985745715217
461603,0.29321954796938965
461605,0.29830064752821506
461701,0.19175037712788506
461702,0.19246496666550028
461802,0.17467055269092763
461803,0.1724856267482326
470102,0.20656127758250653
470107,0.08735549400499143
470115,0.17184297588186853
470116,0.1599803326993568
470117,0.19802262250793373
470120,0.1898729772461083
470121,0.18734030062969187
470205,0.13781429850232357
470251,0.13781429850232357
470303,0.22436496209673187
470351,0.22436496209673187
470401,0.2567283794471626
470405,0.2616451973594069
470410,0.2708737296462683
470452,0.2708737296462683
470505,0.25063277363285563
470551,0.25063277363285563
470601,0.2142120518497678
470652,0.2142120518497678
470701,0.1993355332677037
470703,0.22942169267124915
470802,0.22104623684691102
470806,0.1661925646876839
470807,0.13607883950743616
470809,0.24957430569287883
470813,0.1185512762361306
470814,0.1466537280232562
470901,0.12677976250931933
470951,0.12677976250931933
471002,0.20003130156826265
471005,0.2207911488176338
471006,0.2487870527183519
471007,0.0989304471332812
471101,0.28386682499229354
471102,0.2966839346201813
471108,0.271559751627815
471152,0.271559751627815
471204,0.4040187112450591
471208,0.2803608460063379
471210,0.36086189303570015
471214,0.24028317734466603
471215,0.3093861333671436
471216,0.2833351278896031
471252,0.2833351278896031
471302,0.3262448516314948
471304,0.2947714786977359
471402,0.18228933614744325
471403,0.20392504098856565
471503,0.1814395668419525
471504,0.17136898880992302
471602,0.21415366805912786
471605,0.2534199743384302
471701,0.15986590928266936
471705,0.19447998060724464
471802,0.23654775332943115
471803,0.22944200808196
480103,0.2251868832900456
480105,0.24215117460979851
480109,0.23301246275215864
480111,0.2247455947460678
480115,0.22762714544696644
480151,0.22762714544696644
480203,0.20345830770993306
480204,0.185532909645178
480205,0.1902910819598208
480301,0.2704851798040016
480304,0.275194177868163
480311,0.2253674481994389
480314,0.28061897904211175
480408,0.1712164132246755
480409,0.1712164132246755
480504,0.16808107438410558
480505,0.22060295876828395
480508,0.15381470137267933
480510,0.13121818462484086
480512,0.15607312793045253
480607,0.1796785135056384
480608,0.1782243645590969
480609,0.17011041356917328
480701,0.10433765478077495
480702,0.14987103268965063
480703,0.0955335437853238
480712,0.08733420983353324
480713,0.11742283816746452
480802,0.2175443561518171
480805,0.21312344399441732
480806,0.24825695365069309
480808,0.22327579854191804
480902,0.22271329374215593
480906,0.269362797755343
481003,0.26366583910436137
481004,0.26366583910436137
481005,0.2076721481523192
481101,0.17769983592042626
481201,0.14694766556147038
481204,0.17275467765246644
490103,0.15516601287826542
490108,0.19090583351584106
490111,0.20003182904031014
490112,0.21308042237966726
490113,0.14041276336137104
490202,0.1950196202082719
490203,0.2087502463684788
490206,0.16482895633415467
490303,0.222101769640465
490304,0.20542904767384043
490306,0.20214942434553573
490404,0.18052612050736927
490405,0.12175327420154802
490504,0.2641110089756658
490505,0.2245499100445821
490506,0.25397574031721737
490514,0.26471736356926323
490601,0.17258486897779907
490602,0.15778681621134555
490704,0.24736206755391507
490706,0.2567570342506307
500108,0.2567570342506307
500112,0.1529724592854328
500114,0.14273449442268538
500151,0.14273449442268538
500207,0.23603476579661203
500209,0.23974148961482794
500303,0.40960649331533505
500307,0.4053210523418928
500308,0.33766273762960114
500401,0.3498934484952583
500404,0.4135726647845869
500405,0.3345431409993678
500502,0.13985283504993185
500506,0.15143177013875592
500508,0.1444769935553985
500511,0.1338560538890461
500512,0.15408978572636162
500513,0.1945895936168065
500603,0.1836380926645247
500605,0.17267971434321183
500610,0.2783215309890184
500612,0.31224269036706376
500613,0.27080302803126866
500704,0.15700841954739725
500706,0.17321906609685606
500710,0.16269726072884594
500711,0.15716021621850312
500801,0.1708768297572028
500805,0.2298343204061191
500901,0.3121917256196026
500906,0.3140870109912324
500911,0.3140870109912324
501003,0.28327705131861247
501004,0.28386616195225634
501006,0.2737671343303094
501102,0.3055065939101178
501104,0.2641906692224526
501108,0.2990228891534292
501110,0.23824114998662316
501204,0.1565558236425546
501205,0.17184215059892755
501214,0.15159475844336662
501215,0.16071413636250592
501301,0.1502591837542579
501305,0.13754891109562734
501310,0.14681540559419454
501312,0.13270275024263073
501402,0.13186135103941782
501406,0.17484728205089128
501407,0.14453469440446282
501408,0.16876836552355073
501411,0.1705035609437106
501504,0.16057613427415268
501505,0.13922416716645897
501506,0.1375830775932269
501510,0.1926784772585895
501601,0.369034437149285
501603,0.30384784274364973
501702,0.353402161347914
501703,0.41249014224826297
501801,0.4573844249892263
501804,0.4119187556440649
501901,0.13864875660155845
501906,0.14441944093442205
501909,0.1444903090427242
501911,0.15460310266078608
501912,0.14315442610594065
502003,0.40129120792702305
502101,0.3524474596143603
502103,0.2911024277491848
502201,0.15637326519148226
502204,0.19599433448426873
502302,0.13902351984688766
502306,0.15420170070100053
502402,0.17661476662714182
502404,0.20521774917959393
502501,0.2911205731385479
510103,0.1446085071099652
510104,0.15009773891623246
510110,0.13025776894990954
510111,0.13802654503998196
510113,0.13823500127089927
510151,0.13823500127089927
510202,0.1380099201915977
510204,0.13114596992419925
510301,0.20824270366984882
510304,0.19691400167451295
510406,0.451615328053348
510408,0.33170294735171907
510409,0.2831634664334298
510501,0.2887976935549942
510603,0.16802076148463396
510604,0.13198768532581462
510606,0.1414478580251795
510607,0.16269460875208014
510702,0.15020272853812067
510801,0.19191858702779013
520107,0.13068351142986406
520108,0.1579429526829647
520109,0.25794667283059064
520115,0.158182444119291
520116,0.1573108320502205
520118,0.17542793397582346
520202,0.2230366542895627
520205,0.19561104337202817
520304,0.1481534824964929
520305,0.15744972663447043
520306,0.1656923620101649
520309,0.16905894107301767
520401,0.14862386139406963
520404,0.2851259060056695
520504,0.208508197201543
520505,0.20333709608350153
520507,0.20429437846851772
520508,0.18439568042559457
520603,0.23619582934789463
520604,0.2550803820162255
520605,0.23024599115334682
520702,0.18137016252241384
520706,0.19952282112567954
520708,0.20527960180856536
520801,0.2495077224128165
520802,0.28689124088960904
520807,0.2229614498017034
520901,0.3228412809440523
520903,0.2796568483202385
521006,0.13288212093060536
521008,0.21205342390706342
521010,0.1871636895499833
521011,0.14244609573885508
521103,0.0819643982923211
521104,0.1582790075095939
521202,0.14473595770294778
521203,0.18425356705424017
521204,0.1450247439949678
521301,0.22196230181029078
521304,0.270801995746039
530102,0.1383547382777252
530103,0.13447356976712765
530110,0.19114539619616422
530113,0.1936556136340722
530115,0.18196630584750345
530116,0.19074727039617068
530117,0.19625440837875546
530201,0.1217120583582249
530203,0.14963211620342343
530302,0.19005668593333436
530303,0.2575505517016664
530304,0.19181542135309632
530402,0.2671813599978199
530404,0.2887490899290335
530407,0.2887490899290335
530501,0.3243307951263518
530502,0.32657559994214697
530602,0.268553532930384
530604,0.4805828000403657
530702,0.20021707832113067
530707,0.16054871690978312
530709,0.13827994147206385
530711,0.243083723496591
530802,0.2261828169763896
530805,0.1621756413563542
530807,0.15905122337191446
530903,0.21046062794082293
530904,0.18905832457067206
540103,0.13593739684372175
540106,0.13031172757631065
540109,0.14071932759295896
540110,0.14001232055228024
540111,0.1354900577208914
540112,0.17629766526753127
540115,0.11971850582023319
540151,0.11971850582023319
540207,0.14012992373017025
540209,0.1560324761806004
540214,0.15744451690782357
540215,0.1615494952107881
540305,0.18304948981027708
540306,0.1732839240189885
540307,0.20594658627484155
540308,0.20684583194074016
540403,0.15882894136037717
540405,0.17114793850685722
540409,0.1591850974337417
540410,0.17206141344367243
540411,0.1598626528164271
540504,0.15215197165029776
540505,0.17300899412111131
540602,0.15920057539951743
540603,0.19593149722383552
540604,0.17961543978303374
540701,0.18286361906825938
540703,0.20059721626443444
540706,0.17012054312232772
540801,0.15240997627372527
540804,0.175093459035097
550103,0.4581559358449146
550104,0.48833016283423314
550105,0.46999701448680686
550116,0.4440851402236066
550203,0.5786055571744618
550204,0.6302073568993093
550302,0.2227247783701659
550304,0.19951840408130272
550404,0.3272233959712332
550405,0.21859460506995515
550406,0.25701631905160127
550502,0.4622701367795661
550504,0.4901800650698895
550506,0.5201114838032623
550512,0.5428828257198709
550514,0.4878983361896547
550601,0.463287749568331
550602,0.3648444689474048
550604,0.5133046991325005
550605,0.4848122591057708
550702,0.5749969795301086
550704,0.5566517899505464
550708,0.542756992075585
550709,0.36528376337560836
550711,0.37086088823006336
550713,0.4022063125723052
550717,0.5236421605659648
550802,0.33509804802193144
550803,0.3449453328179115
550903,0.4660603357233779
550908,0.5038388391684295
551002,0.3098445616021742
551003,0.20533439064541031
551103,0.48931568510723805
551201,0.5868966346704334
551202,0.547846310846736
551302,0.28083343323658305
551404,0.5497961399353726
551405,0.4711460798204503
551407,0.5359321869112363
551502,0.5229887895172026
560104,0.24213300235375562
560108,0.19254873996256172
560110,0.17547458073109484
560114,0.19423253903714238
560116,0.18327698245812385
560151,0.18327698245812385
560202,0.19061273752877333
560205,0.1819604754381603
560206,0.19577827155002708
560301,0.13070870660609807
560312,0.16683620819047712
560313,0.16022195743676287
560314,0.09890006106316684
560403,0.1486379722319051
560504,0.21813326870906935
560506,0.20267667498808453
560508,0.23936922019712903
560510,0.19212205290332995
560512,0.19655476690651952
560601,0.1434719774427674
560604,0.10164850896385436
560606,0.09202658184803525
560705,0.16772668305305283
560706,0.2087059700786232
560804,0.1785834560430864
560805,0.15044869721727044
560901,0.20637322842628522
570104,0.17595963099556966
570105,0.19665168337891048
570107,0.16193667198019174
570111,0.19536915771326818
570114,0.15620486454429644
570121,0.15620486454429644
570202,0.12495068037911078
570208,0.1646966246982856
570302,0.22553429807931338
570303,0.2530118257921884
570305,0.25556502427349936
570403,0.2272496464140397
570404,0.2035504352174866
570409,0.30078628926624756
570411,0.2591283749411378
570501,0.21567463343964982
570504,0.22612429381755209
570505,0.2378196068473626
570508,0.24834893753722243
570513,0.24669565152912917
570514,0.21441390366316157
570601,0.1749441315331295
570605,0.18692162740506124
570701,0.11808419760860767
570702,0.17249776624743907
570704,0.10024937904712788
570708,0.1459888385162736
570802,0.21446546561610358
570804,0.23077126511030868
570902,0.11836205639781544
570904,0.18518053401500928
570905,0.21374242679966685
571005,0.2535586557395707
571006,0.19330731633617998
571007,0.21751659322782924
571102,0.23812308856986128
571104,0.2285150787522743
571105,0.19605322876690334
571204,0.3162701884233913
571205,0.2584698965307573
571302,0.28489681632009645
571303,0.26306329636540776
571401,0.2942795886779487
571502,0.15880492271303676
571504,0.14786867228822692
571601,0.16522474921111502
571605,0.1958981353027155
571701,0.1735402052261193
571802,0.21451139455749446
580102,0.3884496783577765
580109,0.4007268017819909
580151,0.4007268017819909
580202,0.2953460005931291
580204,0.2504381735854657
580251,0.2504381735854657
580303,0.35634631124159855
580305,0.38800683268535385
580307,0.27509828393988406
580402,0.5071122525398608
580406,0.41227020253503777
580452,0.41227020253503777
580501,0.37090864602104634
580502,0.34253200581336135
580504,0.31307794647728693
580602,0.5689736389296292
580605,0.49508469817466216
580702,0.49839637087303723
580703,0.43314545174935426
600102,0.14619995709888567
600106,0.13862718731295098
600107,0.15081323846955053
600108,0.18871410745664957
600110,0.15864547999187434
600112,0.13183956992839335
600201,0.13502579091628136
600202,0.15426988890194915
600207,0.12081368781211205
600209,0.1268019221051057
600302,0.19117029224789311
600304,0.2280083669051595
600307,0.20051331459634109
600310,0.2053412447840858
600311,0.2158082468156916
600401,0.24430857226141586
600404,0.24696513614840318
600405,0.2502287417968755
600407,0.22533960929498992
600502,0.13263918422508897
600503,0.13660549933202598
600505,0.17670363248285154
600509,0.16768234738688226
600513,0.12495256974402419
600602,0.12588931327356623
600605,0.11444714581296961
600701,0.1799275617697378
600704,0.22107676790782296
600708,0.1644190504858598
600710,0.1997846686979976
600805,0.11658307611961494
600806,0.24161375155455808
600808,0.2340867115742238
600810,0.19024479199307875
600901,0.2420917571445257
600903,0.2778433957859753
600907,0.23883187042707715
601002,0.11979677526576671
601008,0.09725182941709831
601010,0.16818777024291576
601011,0.1477948071447971
601103,0.18555993632048773
601105,0.16496210345970402
601107,0.19531003459464136
601110,0.191608349104678
601116,0.1741932545072707
601201,0.18526905820342743
601204,0.1997236060513507
601205,0.18004548373125834
601303,0.15435590413713213
601304,0.18033251308268816
601501,0.16395416856569384
610102,0.13384887694679548
610104,0.11181904225063388
610107,0.15182579763260928
610108,0.1184945297422727
610111,0.11942268386847404
610151,0.11942268386847404
610203,0.12413241541413494
610204,0.11205701495395931
610207,0.09924125319808941
610209,0.10014804323079529
610303,0.13441217422527024
610351,0.13441217422527024
610404,0.09757820908224413
610407,0.14928234998042555
610408,0.10852481725807639
610451,0.10852481725807639
610501,0.14126264903760516
610503,0.13708933961260172
610504,0.13499464877132228
610508,0.13499464877132228
610601,0.2971631839732094
610602,0.22652155748816216
610610,0.23765332851157878
610613,0.2380521086897623
610614,0.30770183447341976
610652,0.30770183447341976
610701,0.1493912485697556
610705,0.1528978821179901
610706,0.17265859139467266
610802,0.26569804022483345
620103,0.1648552322219632
620105,0.14716986406572957
620106,0.14632057365048556
620110,0.17039548142952626
620113,0.1390425394481064
620115,0.1411284471058356
620119,0.17500081368443182
620155,0.17500081368443182
620201,0.1798625856922363
620204,0.15008687573868712
620206,0.15836905285110225
620302,0.23973963998374306
620303,0.139591869000379
620407,0.14862097162918164
620409,0.10442076614622403
620411,0.09683981520711171
620412,0.06237244372550421
620413,0.07627061596727402
620501,0.0037513709369053627
620504,0.03892841537767461
620509,0.04320011473908719
620516,0.14086507267378678
620604,0.2065795682281601
620607,0.11138227361083536
620608,0.1670190186939549
620651,0.1670190186939549
620703,0.19250769290124975
620706,0.24277893680336868
620707,0.177857209912195
620802,0.12811383646282837
620902,0.08545355669972354
621002,0.06349692927534523
621004,0.07012598875871662
621103,0.16758953330730775
630106,0.14386812199029347
630112,0.14231729611042754
630113,0.12303909163493676
630115,0.12453986777658704
630202,0.14720626460546615
630203,0.275861035547737
630206,0.18352290277585892
630303,0.27670137786838
630304,0.19520705761381074
630351,0.19520705761381074
630405,0.283570683005364
630406,0.25667221637661136
630501,0.6871654073085205
630504,0.3093365430194786
630603,0.19000252361746267
630605,0.21340331627087997
630609,0.21439562951390823
630651,0.21439562951390823
630701,0.28184313452984644
630702,0.2398687807256177
630802,0.3699329632113886
630804,0.37439731899923356
630901,0.27768371080636045
640108,0.1746197675331314
640110,0.1984794075738121
640151,0.1984794075738121
640154,0.1984794075738121
640202,0.2502914831543086
640205,0.3131876731144285
640207,0.27072717135701624
640302,0.2124253282038713
640303,0.19185852157973898
640304,0.23114771705558265
640309,0.19251522600358023
640402,0.17809298921331923
640403,0.14520530855850017
640407,0.176116887268762
640409,0.22087533142629948
640503,0.21639612629026367
640504,0.2606115883367815
640506,0.19709655016682698
640510,0.22598549148751432
640601,0.18157971455170535
640605,0.19962438201572996
640608,0.2090341092735369
640610,0.1977263623944413
640613,0.21986709724680573
640701,0.18477728683357175
640703,0.20634997484409567
640705,0.19328154732629826
640707,0.19265287483486515
640712,0.17218910958941036
640714,0.2275227336135133
640804,0.1476879825139389
640805,0.14790469875599066
640901,0.22425864539828763
640905,0.18635615870691025
650106,0.16936830378603007
650107,0.15542945592928525
650115,0.13768271887296757
650116,0.1436216292970532
650118,0.17733684862239496
650120,0.17366374506573362
650154,0.17366374506573362
650201,0.36006008049314087
650206,0.3756461629203197
650208,0.32170248559687253
650209,0.31047853850023865
650301,0.2223915890183831
650306,0.31279608164364725
650351,0.31279608164364725
650402,0.16946506670471428
650406,0.2282840722324835
650408,0.27299639016799016
650409,0.1333917386653341
650411,0.2184386673055518
650503,0.1725960474300383
650505,0.17667006324220458
650507,0.17299385322014849
650552,0.17299385322014849
650601,0.13456820810249165
650602,0.13205907065006822
650606,0.15759859693673017
650607,0.1419819745805495
650609,0.1252351329610823
650651,0.1252351329610823
650701,0.1346427216774166
650702,0.128927008695508
650703,0.13587601246302872
650802,0.18549035819840515
650807,0.20314902628884815
650808,0.1874568263646283
650810,0.19230313338019744
650811,0.19119957067019067
650904,0.3143887560719071
650906,0.22634983907100673
650907,0.3349605822017959
660102,0.16693181859814415
660103,0.145732335180155
660107,0.13499654442137365
660108,0.1428472431457279
660115,0.18318957429246152
660119,0.18572808836832322
660203,0.24350043837003102
660204,0.21729330566906607
660302,0.19673851936918768
660305,0.20823533033717864
660306,0.16775917640119292
660402,0.22501925286237148
660405,0.22022443926087937
660407,0.25953392275119924
660410,0.23820927295421845
660411,0.2285234424490711
660506,0.2559879967651789
660507,0.25020706038451024
660514,0.27492916215617214
660551,0.27492916215617214
660601,0.20755401794475775
660602,0.23632156110283353
660603,0.20766616686555414
660613,0.2332117831618535
660703,0.1385423534064918
660706,0.1261018496675737
660801,0.2071278827979436
660803,0.2523022437791509
660901,0.19154996384991801
660905,0.20444152078131714
661002,0.22776491626848608
661005,0.2523965636965978
661102,0.20515622129437866
661103,0.27430928803534815
661201,0.11123192752570482
661204,0.11619178234090366
670102,0.21543412683230465
670103,0.17785351003560407
670104,0.13860985410456472
670106,0.12833558660511307
670108,0.15163948946151362
670110,0.1621116543754691
670113,0.16004038410223898
670114,0.16721963737383894
670202,0.1932303151377564
670205,0.21989451737641413
670206,0.19664870439447446
670208,0.20972439556141337
670251,0.20972439556141337
670304,0.16499563823208419
670306,0.17161020691451068
670307,0.16092936268263347
670310,0.1508247740567329
670311,0.1571689058121134
670312,0.1795043053844219
670317,0.16980213090407342
670319,0.17519879464066274
670402,0.15998747459464424
670403,0.13929661424722367
670405,0.2697009325409895
670408,0.1884289240795065
670501,0.18780700999267647
670504,0.24689855799326924
670505,0.2720191784331038
670507,0.11353728775418825
670509,0.18090663241137522
670511,0.2227317273341463
670601,0.1796719706408979
670605,0.12738339206010457
670651,0.12738339206010457
670702,0.15831770569721476
670703,0.22543587443292898
670705,0.22709580369751992
670706,0.23069372970356286
670708,0.18691210678866327
670711,0.1598528598653639
670802,0.24095363007884904
670803,0.2111910053268534
670804,0.21299819811618287
670808,0.3248911939515434
670901,0.183755144378208
670904,0.2363393762502039
671004,0.3081260877708415
671051,0.3081260877708415
671052,0.3081260877708415
671103,0.13535626382362015
671105,0.18321746941193096
671107,0.12328525383327787
700103,0.15274987714243377
700104,0.1453451481740768
700106,0.16425617061596715
700111,0.1542876623876095
700113,0.15976379255109313
700117,0.15294841068120907
700121,0.1331506141639781
700122,0.1604349496245539
700203,0.2328893347627954
700206,0.2912016583047315
700251,0.2912016583047315
700301,0.3480206370006758
700351,0.3480206370006758
700401,0.15649892821509648
700406,0.16920158861523926
700411,0.17972454401951315
700412,0.14461067822366824
700452,0.14461067822366824
700505,0.14063568401976156
700508,0.12939964707028
700510,0.13510632083190305
700512,0.12724549429290444
700513,0.14427201976412773
700514,0.12993607690367093
700555,0.12993607690367093
700603,0.15824649993385975
700605,0.1511965888692946
700607,0.14976753593997277
700702,0.1468192886228592
700704,0.15576218873936942
700706,0.17192506718885658
700710,0.15829524429619568
700714,0.14807220886346145
700718,0.1636117570989939
700719,0.1910887334862274
700753,0.1910887334862274
700801,0.18496007411379262
700802,0.120000155976766
700805,0.13214139521065493
700807,0.15232307814043927
700851,0.15232307814043927
700902,0.15430612875627753
701001,0.3620956453210627
710103,0.18190490330107323
710104,0.19498927972175445
710108,0.205737471371553
710109,0.27570429862426404
710110,0.19327819531297402
710155,0.19327819531297402
710203,0.14876897859484262
710207,0.35248861221632893
710251,0.35248861221632893
710252,0.35248861221632893
710301,0.14720010129282962
710305,0.1337163644757262
710351,0.1337163644757262
710402,0.5662198770715349
710404,0.3552628144962146
710451,0.3552628144962146
710501,0.15032349394418687
710508,0.15591290438490363
710511,0.16156725519460152
710513,0.14579450612886252
710515,0.16161144577939285
710516,0.13580230238808777
710517,0.1608390815910697
710603,0.15199014921713855
710606,0.15637724106879747
710611,0.1467625117285941
710612,0.16666948667306825
710613,0.15118102880157258
710652,0.15118102880157258
710701,0.6590958830743506
710702,0.7459075249833511
710707,0.6130858833990693
710802,0.6972535450159788
710902,0.18064669960361535
710903,0.1592452155692194
710911,0.14379500750280655
710912,0.21459524984296133
711004,0.2411165404931057
711005,0.22423629710308143
711007,0.2719024679007973
711051,0.2719024679007973
711101,0.1546937343448599
711104,0.1732541551795832
711202,0.2311853418916248
711251,0.2311853418916248
711301,0.22270434741496725
711302,0.16916070287605173
720106,0.14896801034878115
720111,0.1196649351660875
720115,0.10832482259351678
720118,0.14561342615017298
720119,0.1395750097530571
720120,0.1335966466673466
720151,0.1335966466673466
720155,0.1335966466673466
720204,0.149921824162922
720205,0.0967721584656574
720206,0.15643462712712802
720208,0.13359270753942892
720214,0.23333148369985937
720253,0.23333148369985937
720303,0.28905618451279713
720306,0.3087332060326118
720351,0.3087332060326118
720401,0.14439152234769098
720404,0.13676273088255175
720405,0.14113306333771347
720406,0.13351961436600263
720409,0.1290503253392044
720411,0.14275815893010452
720454,0.14275815893010452
720501,0.1517811418301514
720504,0.13242669297417403
720508,0.12509729328421582
720509,0.12523566634329136
720603,0.15370336122516476
720605,0.20193898727436732
720706,0.18498043405060272
720710,0.16453369485148384
720713,0.16154868725123595
720714,0.1649227793369858
720715,0.18751537236201032
720752,0.18751537236201032
720802,0.1406591051426943
720804,0.08927172920966991
720807,0.11556159392424514
720901,0.1674789211452382
720907,0.17813196242020007
720910,0.17800866581393482
720911,0.16628340621951682
720913,0.1582825286165085
720952,0.1582825286165085
721001,0.15090649594405992
721003,0.16788182335336826
721051,0.16788182335336826
730103,0.14123944053255744
730104,0.13801059234891494
730110,0.14637158089240282
730112,0.1280327477671101
730115,0.145262055087432
730116,0.1334059716049275
730119,0.12098855097941408
730123,0.12947889866810552
730153,0.12947889866810552
730154,0.12947889866810552
730207,0.15270359080767187
730208,0.16375939254561722
730211,0.1776458767388145
730212,0.15531865466314942
730213,0.1605071239910223
730251,0.1605071239910223
730307,0.1280053241938226
730308,0.1303912027501415
730310,0.13094786067021735
730313,0.14229010737089015
730314,0.14243634361440438
730318,0.14087094336805667
730320,0.1300042930219683
730323,0.1294343248091675
730352,0.1294343248091675
730402,0.12683603276402128
730405,0.11704540509717287
730451,0.11704540509717287
730502,0.1275593702346563
730503,0.16140391119364295
730504,0.14686167240855624
730505,0.14382899362709278
730506,0.15853817946956927
730511,0.13400475427150393
730512,0.15560195601193233
730553,0.15560195601193233
730601,0.13700620233258082
730603,0.13041896979023504
730607,0.1387359760282052
730609,0.13678403906419706
730611,0.11552040501824018
730614,0.14001063006866687
730654,0.14001063006866687
730703,0.14116882743686776
730752,0.14116882743686776
740104,0.13699345076515257
740108,0.12462812664972406
740111,0.10776685986939943
740112,0.12014984495461989
740113,0.13643750323602039
740117,0.1306609512809292
740151,0.1306609512809292
740206,0.1317166027374071
740210,0.12536897655274887
740251,0.12536897655274887
740252,0.12536897655274887
740303,0.1577657851408063
740305,0.16193974424815422
740306,0.15418103065330563
740310,0.12445607658380087
740311,0.12300755079961107
750102,0.1690973144675536
750107,0.17257659284139149
750109,0.15921350268382567
750111,0.16445007499922554
750202,0.16801191407709398
750203,0.1522295652665414
750206,0.17278648993950818
750208,0.1595255028469748
750210,0.15533886330666863
750251,0.15533886330666863
750302,0.17431574679681705
750303,0.1683815203744049
750308,0.15728421620478988
750311,0.11990777172175127
750351,0.11990777172175127
760105,0.16148210563634097
760106,0.1609173951645686
760109,0.15539412576512784
760114,0.138529418309416
760117,0.13333138895282765
760118,0.17596757427949727
760119,0.1635344831405698
760122,0.15008669094048144
760201,0.07976017205359892
760202,0.07959093808152268
760208,0.10493670069414124
760209,0.13206615201775407
760302,0.3308182032880095
760304,0.15052581710133378
760403,0.15372366484082883
760405,0.15665091002472964
760407,0.21410042232150567
760409,0.16469723011147108
760503,0.1620276410605172
760505,0.15567963629338294
760511,0.2280212640959762
760515,0.16222281865767796
760551,0.16222281865767796
760601,0.13932714325752904
760607,0.14328729640583365
760609,0.17592882463533216
760610,0.1523291361170852
760614,0.1615345415214996
760616,0.15898105048628158
760618,0.19466121017415183
760701,0.15778122233820674
760706,0.13230939079866227
760707,0.16059276567194286
760708,0.1710894948323684
760803,0.20934072363487563
760806,0.3718492910261635
770102,0.28896509830816874
770103,0.2738802102310277
770151,0.2738802102310277
770202,0.1878882282108238
770203,0.23069587482961848
770206,0.19528709316915038
770301,0.13317903192555353
770302,0.25127445382214864
770306,0.13907101092077884
770401,0.23867816850133325
770403,0.3065131096760151
770406,0.29602226340192067
770407,0.21618770046441999
770501,0.21855077798884476
770505,0.1781809718049746
770604,0.206044529578351
770607,0.24316213532615147
770608,0.22838241491507755
770706,0.3580639663120895
770707,0.2892711633899474
770752,0.2892711633899474
770804,0.27738731946718687
770805,0.21878526896706119
770857,0.21878526896706119
800106,0.2985823508461154
800107,0.27039626979143294
800112,0.22363913891819967
800114,0.2549818325922992
800116,0.201820988412583
800156,0.201820988412583
800203,0.2499163947821747
800204,0.19199230969436815
800251,0.19199230969436815
800301,0.16333566639925423
800305,0.21047456456674785
800401,0.25900173717289
800403,0.1931268188257207
800415,0.16148009394507723
800451,0.16148009394507723
800452,0.16148009394507723
800501,0.15228145366893092
800503,0.126005994680655
800604,0.3187406438779351
800605,0.32956923873784266
800606,0.3470714476182521
800610,0.32168840692526335
800701,0.28285600108178105
800708,0.2620253570881333
800709,0.2453386548414207
800711,0.27930041035623926
800751,0.27930041035623926
800803,0.23685731904172447
800811,0.25365528315130154
800813,0.23191567654175438
800851,0.23191567654175438
800902,0.20048051538392392
800905,0.24600208443621815
800906,0.18756472023110748
800907,0.2625048868229669
800912,0.2295636957594738
801002,0.2827433041304549
801003,0.26654344634118743
801102,0.262271243315237
801104,0.271052026028272
801107,0.2763580580842937
801202,0.2926276794613041
801206,0.3006999346715366
801207,0.347733452432049
801209,0.3510614323671839
801212,0.3899580631778673
801215,0.3787352024819952
801216,0.3750480616474266
801302,0.21283871667271148
801303,0.21792466902822094
801353,0.21792466902822094
801404,0.32969515987137166
801405,0.27541178601763583
801406,0.2809647721095968
801407,0.26626478079944627
801501,0.2241486883793482
801503,0.3168585872839418
801601,0.2673570862947451
801606,0.2771116337763463
801609,0.2656609149035214
801610,0.2425856115596141
801611,0.28383471963890317
801703,0.24059240317672181
801704,0.2253662596035331
801801,0.22222233174762815
801901,0.25482454426702483
801905,0.23001491593120102
802002,0.2314134397743011
802004,0.2437133832802714
802101,0.20717294174392412
802104,0.18089390226158358
802201,0.20328879794667545
802301,0.31834772107139614
802303,0.2841147435883148
810111,0.18183983326187403
810115,0.11889637004437603
810116,0.17774355283458204
810117,0.16173658639711946
810202,0.1931876039125363
810203,0.26476182021207845
810204,0.1982674694493276
810302,0.2818800125307782
810304,0.21811848753335097
810401,0.20938195878950042
810406,0.20902819963326577
810407,0.20641121487784506
810452,0.20641121487784506
810502,0.18709488545481973
810503,0.13419014920710381
810505,0.20019910509828887
810551,0.20019910509828887
810602,0.17978642735359562
810604,0.2218785477416571
810701,0.22826265544658803
810703,0.2338492269252219
810804,0.15751867225941246
810805,0.18222608603532697
810807,0.1829021757755694
810851,0.1829021757755694
820106,0.17340857571587137
820107,0.16634896249923037
820108,0.18278644158251472
820151,0.18278644158251472
820202,0.21834578679988662
820203,0.20971535842800865
820304,0.23265519395039563
820351,0.23265519395039563
820405,0.24429205157126962
820406,0.28721257422426494
820451,0.28721257422426494
820503,0.2733596335386048
820506,0.2990827512114961
820507,0.22283290908986628
820603,0.4331242172562228
820605,0.19059079705153725
820703,0.12643782605111786
820704,0.12660359266235682
820706,0.1223852119287146
820801,0.13503996983721217
820804,0.15630330525956626
830104,0.15630330525956626
830108,0.17703542035477876
830151,0.17703542035477876
830203,0.14916674056576895
830301,0.19947102199497924
830303,0.159524350173591
830305,0.20339846892881233
840103,0.13197473308991364
840108,0.1655047534875551
840109,0.17316663037782204
840111,0.15531180104963466
840201,0.1531805798981118
840203,0.15359689643827495
840206,0.14359767452172273
840208,0.16324234234613766
840209,0.1555301978715503
840211,0.13480330152884185
840301,0.2830813034632227
840302,0.20012445012431201
840403,0.36476911965643743
840405,0.4321746368167627
840406,0.4923020384220359
840503,0.4923020384220359
840552,0.4923020384220359
840607,0.32056401101818793
840608,0.3079046026872294
840609,0.2935547685243499
840652,0.2935547685243499
840701,0.30457560765235325
840703,0.26735171782754896
840704,0.28364627923676283
840801,0.1263513160418716
840802,0.15387427160660516
840803,0.17939206532056612
840809,0.14714078536467523
840901,0.10735720902436308
840951,0.10735720902436308
841001,0.18858494658159708
841003,0.23635822956896702
841102,0.20372179559668538
841104,0.27461912075006867
841151,0.27461912075006867
841202,0.21201480245965765
841207,0.1456067269385669
841210,0.147146725175414
841251,0.147146725175414
841304,0.12575668727858536
841351,0.12575668727858536
841401,0.18919465630020899
841404,0.22660823612342004
841502,0.21065105558984643
841504,0.23964182118707006
841601,0.23626803696949816
841602,0.21086394133054182
841605,0.22095828966729802
841651,0.22095828966729802
841702,0.1505052243413073
841703,0.19362745577926732
841707,0.1763915436980047
841710,0.1916162935726592
841711,0.17407247237998597
841712,0.18390754165907774
841713,0.1752187799707563
841801,0.1948563799239837
841802,0.21722343291185486
841901,0.20553732741959158
850105,0.15527576496165185
850107,0.19419528111022433
850109,0.19216255421868084
850155,0.19216255421868084
850201,0.20710540686540443
850204,0.19834936624296534
850207,0.22106538124875985
850303,0.19499696707458358
850305,0.17555024578308714
850401,0.20005214822526968
850404,0.18625333647157827
850406,0.2136253946595097
850501,0.13775510653112188
860102,0.11624353399154697
860103,0.13666269013811227
860104,0.16534584451656648
860108,0.1831875493999534
860112,0.18108035697921576
860117,0.16185884467644995
860151,0.16185884467644995
860201,0.17698239127984083
860203,0.19890347428576138
860205,0.26220950128209064
860206,0.18168914020806098
860251,0.18168914020806098
860301,0.18562648179926
860305,0.08641755232305143
860307,0.11158527931773532
860405,0.2598321684497674
860407,0.2361393827101712
860408,0.18448341403711904
860409,0.2145287420410001
860411,0.20687476818872488
860503,0.27254412805824263
860504,0.2611042114843547
860601,0.23835293543525388
860603,0.2415011190980801
860701,0.07235695088109861
860704,0.09088102123608477
860706,0.1365072218777999
860707,0.14857940146856258
860751,0.14857940146856258
860804,0.10166678699303161
860851,0.10166678699303161
900102,0.17824864076228658
900105,0.14521300365190853
900202,0.22091861773554716
900204,0.19556142026863055
900206,0.224862094221882
900207,0.22755481101888778
900208,0.2182607172092352
900301,0.23057127560651344
900302,0.19823987597617193
900303,0.30781049383547965
900305,0.20208931042326925
900306,0.16089578114368036
900312,0.18689989521699446
900408,0.31157758462182583
900409,0.31757363456553156
900410,0.2637731212962492
900452,0.2637731212962492
900504,0.24081021016429138
900507,0.27298498554306105
900551,0.27298498554306105
900601,0.2823868543622242
900605,0.3126955242614916
900608,0.36101009835849607
900609,0.295037015310791
900701,0.14289276456233624
900706,0.18438542086888327
900709,0.1523748261066885
900710,0.16515719869598638
900711,0.16544556836693897
900753,0.16544556836693897
900801,0.23226995467139344
900802,0.18176437030500753
900902,0.20834697726158627
900909,0.19665709104031032
900952,0.19665709104031032
901003,0.19240552630892832
901006,0.1927418534632584
901008,0.24626270330399994
901054,0.24626270330399994
901055,0.24626270330399994
901107,0.1573603151030139
901111,0.1618050098435912
901114,0.16665151514084164
901118,0.16583304265334975
901153,0.16583304265334975
901157,0.16583304265334975
901203,0.13538767043116295
901204,0.1526554242540374
901303,0.21784431951258443
901352,0.21784431951258443
901401,0.18686628038225572
901403,0.1808532410206729
901501,0.167879852440999
901505,0.18389194325073704
901507,0.20026301148742276
901511,0.1959227714586816
901602,0.15618552730339758
901603,0.16914812197874318
910105,0.21455185628849313
910107,0.22716465054962115
910110,0.24091884923243953
910111,0.22054663526195958
910151,0.22054663526195958
910154,0.22054663526195958
910202,0.19415745047088567
910251,0.19415745047088567
910303,0.23395578722103103
910401,0.20604722146956267
910402,0.22726970625477555
910503,0.2113458028896276
910504,0.21763457487599652
910551,0.21763457487599652
910602,0.24645315630969933
910603,0.26561837254023557
910701,0.19407406812714795
920105,0.10698669068107458
920106,0.11459832378327278
920110,0.10244606905940945
920114,0.14681509541381738
920117,0.1277902702243861
920151,0.1277902702243861
920203,0.11057039667376467
920204,0.12568395532894616
920210,0.1086527116483858
920212,0.13876929426839563
920214,0.12869321378874415
920251,0.12869321378874415
920301,0.18769466721354855
920305,0.2386310469392511
920307,0.12281860543535383
920351,0.12281860543535383
920402,0.20103294911370234
920404,0.18869554598649196
920409,0.18061204361785677
920411,0.2589090919274098
920451,0.2589090919274098
920502,0.20772052293141516
920503,0.15647481010547626
920551,0.15647481010547626
920602,0.15714099079995159
920605,0.18911543792401236
920609,0.14085990172576196
920610,0.18609315074678268
920614,0.13697443759433447
920615,0.16557744368568206
920652,0.16557744368568206
920653,0.16557744368568206
920703,0.18153670251702092
920705,0.14686162173594913
920805,0.14656706287026816
920806,0.11684796852302876
920851,0.11684796852302876
920905,0.22184877467531128
920951,0.22184877467531128
921001,0.15536357670958012
930105,0.29948594933656597
930110,0.2994152856728718
930111,0.2607178369374256
930112,0.3071507661897682
930114,0.3023635523555823
930115,0.25258182108181715
930202,0.28177782415049735
930205,0.2845884638594188
930302,0.2781582694755975
930307,0.24833205217073046
930401,0.22252139437458535
930402,0.2294019647697141
930502,0.2027083745726763
930510,0.2872304274628002
930511,0.26946787202164646
930513,0.24907618090007552
930553,0.24907618090007552
930554,0.24907618090007552
930601,0.2054683935523963
930603,0.21947355518677528
930607,0.2032960831111323
930701,0.2105875894099786
930802,0.19755242206391538
930804,0.2137104023471905
930901,0.25290630233014244
930902,0.23651126564881578
931001,0.23423200357714288
931004,0.23256881458907802
931101,0.26138201132583816
931103,0.2744574189677676
940105,0.26111758457318357
940107,0.2736905984560793
940108,0.26846311958704727
940151,0.26846311958704727
940202,0.26878369205721575
940203,0.25311631454260664
940204,0.2867668899213678
940207,0.32567855923728384
940215,0.27010747609892716
940252,0.27010747609892716
940301,0.24867504496346796
940303,0.23679160849756817
940305,0.22781925676248138
940308,0.21965783616813958
940309,0.21867964915041926
940401,0.37936505651257196
940402,0.3738058520210119
940403,0.3717211614050131
940407,0.377807414294366
940502,0.3260770343536221
940503,0.3009589029238038
940507,0.318708140418071
940513,0.3022037670909285
940551,0.3022037670909285
940603,0.2924160188214937
940604,0.29400290901557385
940704,0.3608967264662579
940705,0.33345228323527254
940708,0.2913965858953136
940751,0.2913965858953136
940801,0.2559308738146048
940802,0.2765968679538703
940902,0.3399978732341808
940907,0.3321258045905401
940910,0.33070886558849377
940912,0.3250552394677622
940914,0.351513518780363
940917,0.35944772532474356
940951,0.35944772532474356
940952,0.35944772532474356
941006,0.3011271024521233
941009,0.30391897085847763
941010,0.3113522519331661
941011,0.3087491799959142
941051,0.3087491799959142
941101,0.24553996683595583
941201,0.33355277781764253
950103,0.3243200389531342
950104,0.30832975880095537
950106,0.3163674920448136
950108,0.32989015864453264
950111,0.30879119917647535
950112,0.32487800092711744
950202,0.6133267308009438
950251,0.6133267308009438
950301,0.343566864548868
950304,0.37720691937064044
950306,0.37397630625503664
950401,0.38877533091474614
950403,0.34745650964171215
950501,0.3023413791541938
950504,0.30854068775144994
950551,0.30854068775144994
950603,0.2882684511878495
950606,0.22677505968428457
950607,0.22576026292715726
950609,0.31338485014022355
950611,0.2979074277598958
950614,0.3090713763246544
950651,0.3090713763246544
950701,0.31983212790359317
950802,0.3343039285426464
950804,0.3349692685473495
960102,0.2214182775075752
960107,0.23662219583154587
960151,0.23662219583154587
960204,0.2654797880705173
960207,0.3111233849189987
960208,0.30860326354781864
960301,0.23365167728613304
960302,0.24025933886933312
960351,0.24025933886933312
960404,0.22066626686482568
960406,0.2357348616628066
960502,0.21168853406872315
960507,0.22217535735157423
960510,0.20528516097098362
960601,0.18280583960074176
960603,0.24106734132630664
960604,0.2085566466430954
960609,0.22535913768891425
960701,0.19535651199640697
960702,0.1982966018043959
960703,0.23008705927506662
960802,0.28105840539565374
960804,0.32657074424363397
960903,0.320151926365828
960905,0.31463940482031927
961003,0.302506099050846
961004,0.2796092720419097
961102,0.2717162811008573
961106,0.2830935047899086
961151,0.2830935047899086
961203,0.26001259157061135
961204,0.32653228573533033
961301,0.21810301803036963
